Datetime,Water Level (m)
2025-05-31 06:00:00,0.41574672
2025-05-31 07:00:00,0.31553927
2025-05-31 08:00:00,0.25468117
2025-05-31 09:00:00,0.21511267
2025-05-31 10:00:00,0.19425683
2025-05-31 11:00:00,0.2552065
2025-05-31 12:00:00,0.41629907
2025-05-31 13:00:00,0.5799812
2025-05-31 14:00:00,0.70551395
2025-05-31 15:00:00,0.785621
2025-05-31 16:00:00,0.8202983
2025-05-31 17:00:00,0.7981642
2025-05-31 18:00:00,0.70807993
2025-05-31 19:00:00,0.5971744
2025-05-31 20:00:00,0.526469
2025-05-31 21:00:00,0.47064844
2025-05-31 22:00:00,0.41858467
2025-05-31 23:00:00,0.37036133
2025-06-01 00:00:00,0.35508507
2025-06-01 01:00:00,0.4595373
2025-06-01 02:00:00,0.61942154
2025-06-01 03:00:00,0.7504099
2025-06-01 04:00:00,0.81558275
2025-06-01 05:00:00,0.8227401
2025-06-01 06:00:00,0.74871635
2025-06-01 07:00:00,0.6433528
2025-06-01 08:00:00,0.5578673
2025-06-01 09:00:00,0.4886572
2025-06-01 10:00:00,0.4327876
2025-06-01 11:00:00,0.38823363
2025-06-01 12:00:00,0.39152822
2025-06-01 13:00:00,0.5233426
2025-06-01 14:00:00,0.71150315
2025-06-01 15:00:00,0.8446499
2025-06-01 16:00:00,0.92381525
2025-06-01 17:00:00,0.94214845
2025-06-01 18:00:00,0.88800365
2025-06-01 19:00:00,0.77213675
2025-06-01 20:00:00,0.6764008
2025-06-01 21:00:00,0.60666007
2025-06-01 22:00:00,0.54730713
2025-06-01 23:00:00,0.49379
2025-06-02 00:00:00,0.44530797
2025-06-02 01:00:00,0.4226199
2025-06-02 02:00:00,0.50207007
2025-06-02 03:00:00,0.6516043
2025-06-02 04:00:00,0.786485
2025-06-02 05:00:00,0.857491
2025-06-02 06:00:00,0.8660637
2025-06-02 07:00:00,0.7912799
2025-06-02 08:00:00,0.6965576
2025-06-02 09:00:00,0.6213962
2025-06-02 10:00:00,0.5603195
2025-06-02 11:00:00,0.50734293
2025-06-02 12:00:00,0.4691265
2025-06-02 13:00:00,0.49290746
2025-06-02 14:00:00,0.62876815
2025-06-02 15:00:00,0.78490174
2025-06-02 16:00:00,0.9048281
2025-06-02 17:00:00,0.9818873
2025-06-02 18:00:00,1.0051769
2025-06-02 19:00:00,0.95515925
2025-06-02 20:00:00,0.8391014
2025-06-02 21:00:00,0.7458621
2025-06-02 22:00:00,0.67451304
2025-06-02 23:00:00,0.6164964
2025-06-03 00:00:00,0.56524765
2025-06-03 01:00:00,0.522767
2025-06-03 02:00:00,0.5113769
2025-06-03 03:00:00,0.5913401
2025-06-03 04:00:00,0.72928005
2025-06-03 05:00:00,0.84624386
2025-06-03 06:00:00,0.9112396
2025-06-03 07:00:00,0.9236022
2025-06-03 08:00:00,0.8581058
2025-06-03 09:00:00,0.76632816
2025-06-03 10:00:00,0.68846625
2025-06-03 11:00:00,0.62327695
2025-06-03 12:00:00,0.56980395
2025-06-03 13:00:00,0.53283334
2025-06-03 14:00:00,0.5304983
2025-06-03 15:00:00,0.613394
2025-06-03 16:00:00,0.7557782
2025-06-03 17:00:00,0.87675226
2025-06-03 18:00:00,0.94824
2025-06-03 19:00:00,0.96190685
2025-06-03 20:00:00,0.89442396
2025-06-03 21:00:00,0.7921843
2025-06-03 22:00:00,0.7121563
2025-06-03 23:00:00,0.6435677
2025-06-04 00:00:00,0.5828326
2025-06-04 01:00:00,0.5317414
2025-06-04 02:00:00,0.48863932
2025-06-04 03:00:00,0.47057977
2025-06-04 04:00:00,0.5285213
2025-06-04 05:00:00,0.6557309
2025-06-04 06:00:00,0.78335124
2025-06-04 07:00:00,0.8577316
2025-06-04 08:00:00,0.87839717
2025-06-04 09:00:00,0.821473
2025-06-04 10:00:00,0.74031717
2025-06-04 11:00:00,0.66405046
2025-06-04 12:00:00,0.6007319
2025-06-04 13:00:00,0.54291993
2025-06-04 14:00:00,0.50167114
2025-06-04 15:00:00,0.4905007
2025-06-04 16:00:00,0.54377615
2025-06-04 17:00:00,0.6529507
2025-06-04 18:00:00,0.7759109
2025-06-04 19:00:00,0.85342586
2025-06-04 20:00:00,0.87504387
2025-06-04 21:00:00,0.81786287
2025-06-04 22:00:00,0.7320567
2025-06-04 23:00:00,0.6568017
2025-06-05 00:00:00,0.5931342
2025-06-05 01:00:00,0.5365041
2025-06-05 02:00:00,0.48764828
2025-06-05 03:00:00,0.44717413
2025-06-05 04:00:00,0.4352837
2025-06-05 05:00:00,0.51312333
2025-06-05 06:00:00,0.6416656
2025-06-05 07:00:00,0.77099025
2025-06-05 08:00:00,0.84850925
2025-06-05 09:00:00,0.871799
2025-06-05 10:00:00,0.81737226
2025-06-05 11:00:00,0.7314264
2025-06-05 12:00:00,0.6566798
2025-06-05 13:00:00,0.59370214
2025-06-05 14:00:00,0.53946525
2025-06-05 15:00:00,0.4962941
2025-06-05 16:00:00,0.47089723
2025-06-05 17:00:00,0.4960692
2025-06-05 18:00:00,0.5876931
2025-06-05 19:00:00,0.7094452
2025-06-05 20:00:00,0.799105
2025-06-05 21:00:00,0.82368124
2025-06-05 22:00:00,0.7722537
2025-06-05 23:00:00,0.69394803
2025-06-06 00:00:00,0.622662
2025-06-06 01:00:00,0.55988353
2025-06-06 02:00:00,0.5052454
2025-06-06 03:00:00,0.45845485
2025-06-06 04:00:00,0.42110565
2025-06-06 05:00:00,0.421011
2025-06-06 06:00:00,0.5119608
